"outcome","index_year","n","deaths","crude_risk"
"1-year all-cause mortality",2015,1606,110,0.0684931506849315
"1-year all-cause mortality",2016,2101,90,0.042836744407425
"1-year all-cause mortality",2017,2246,131,0.0583259127337489
"1-year all-cause mortality",2018,1683,109,0.0647653000594177
"1-year all-cause mortality",2019,2575,216,0.0838834951456311
"1-year all-cause mortality",2020,1632,164,0.100490196078431
"1-year all-cause mortality",2021,2056,202,0.0982490272373541
"1-year all-cause mortality",2022,2488,231,0.0928456591639871
"1-year all-cause mortality",2023,2806,233,0.0830363506771205
"1-year all-cause mortality",2024,2978,233,0.0782404298186702
"30-day all-cause mortality",2015,1606,67,0.0417185554171856
"30-day all-cause mortality",2016,2101,42,0.019990480723465
"30-day all-cause mortality",2017,2246,66,0.0293855743544078
"30-day all-cause mortality",2018,1683,70,0.041592394533571
"30-day all-cause mortality",2019,2575,119,0.0462135922330097
"30-day all-cause mortality",2020,1632,93,0.0569852941176471
"30-day all-cause mortality",2021,2056,98,0.0476653696498054
"30-day all-cause mortality",2022,2488,130,0.0522508038585209
"30-day all-cause mortality",2023,2806,122,0.0434782608695652
"30-day all-cause mortality",2024,2978,127,0.0426460711887173
"30-day all-cause mortality",2025,3506,143,0.0407872219053052
"5-year all-cause mortality",2015,1606,296,0.184308841843088
"5-year all-cause mortality",2016,2101,372,0.17705854355069
"5-year all-cause mortality",2017,2246,436,0.194122885129118
"5-year all-cause mortality",2018,1683,321,0.190730837789661
"5-year all-cause mortality",2019,2575,567,0.220194174757282
"5-year all-cause mortality",2020,1632,330,0.202205882352941
