"outcome","model","index_year","risk","lower","upper","p_year","model_n"
"1-year all-cause mortality","unadjusted",2015,0.0539918650517561,0.0457771083714869,0.0635825430124675,0.00000000000000214864563394855,22171
"1-year all-cause mortality","unadjusted",2016,0.0571015219970853,0.0516498663192251,0.0630903203711994,0.00000000000000214864563394855,22171
"1-year all-cause mortality","unadjusted",2017,0.0613289445114482,0.0562801138836818,0.0667986414091852,0.00000000000000214864563394855,22171
"1-year all-cause mortality","unadjusted",2018,0.0679224691263307,0.061821499200061,0.074577663672101,0.00000000000000214864563394855,22171
"1-year all-cause mortality","unadjusted",2019,0.0779224328013498,0.0717808828799725,0.0845415924332816,0.00000000000000214864563394855,22171
"1-year all-cause mortality","unadjusted",2020,0.0893407861703881,0.0833281435483359,0.0957419647769437,0.00000000000000214864563394855,22171
"1-year all-cause mortality","unadjusted",2021,0.0979478136316474,0.0907164215810102,0.105688648852555,0.00000000000000214864563394855,22171
"1-year all-cause mortality","unadjusted",2022,0.098385005579954,0.0910559725115836,0.106235000511259,0.00000000000000214864563394855,22171
"1-year all-cause mortality","unadjusted",2023,0.0882289975685536,0.0824547601163555,0.0943660126196951,0.00000000000000214864563394855,22171
"1-year all-cause mortality","unadjusted",2024,0.0738995463202821,0.0659150964605624,0.0827654738119255,0.00000000000000214864563394855,22171
"1-year all-cause mortality","age_sex_adjusted",2015,0.0569654531562283,0.048304175099931,0.0670703103249284,0.0000000000104394767460783,22060
"1-year all-cause mortality","age_sex_adjusted",2016,0.0597281404684902,0.0540495010148816,0.0659617960308579,0.0000000000104394767460783,22060
"1-year all-cause mortality","age_sex_adjusted",2017,0.063503508099165,0.0583783912189428,0.0690455733591197,0.0000000000104394767460783,22060
"1-year all-cause mortality","age_sex_adjusted",2018,0.0694116830658728,0.063334533843539,0.0760246248317818,0.0000000000104394767460783,22060
"1-year all-cause mortality","age_sex_adjusted",2019,0.0782893975987714,0.0722862605563677,0.0847455343912432,0.0000000000104394767460783,22060
"1-year all-cause mortality","age_sex_adjusted",2020,0.088147426073598,0.0823689717153789,0.0942896041369175,0.0000000000104394767460783,22060
"1-year all-cause mortality","age_sex_adjusted",2021,0.0951608813921501,0.0883126575033348,0.102480458622425,0.0000000000104394767460783,22060
"1-year all-cause mortality","age_sex_adjusted",2022,0.0947475058278776,0.0878646726770358,0.10210914540229,0.0000000000104394767460783,22060
"1-year all-cause mortality","age_sex_adjusted",2023,0.0849409650646036,0.0795217066866618,0.0906931482271339,0.0000000000104394767460783,22060
"1-year all-cause mortality","age_sex_adjusted",2024,0.0714182975390524,0.0638654954626389,0.0797881730882697,0.0000000000104394767460783,22060
"1-year all-cause mortality","available_case_mix",2015,0.061391404691657,0.0521541341279506,0.0721402130901929,0.000000000010273322071635,22060
"1-year all-cause mortality","available_case_mix",2016,0.060923852398856,0.0551875874459389,0.0672139356071029,0.000000000010273322071635,22060
"1-year all-cause mortality","available_case_mix",2017,0.0619327459312215,0.0569599745749462,0.0673086685000289,0.000000000010273322071635,22060
"1-year all-cause mortality","available_case_mix",2018,0.0660422057018344,0.0602548338181142,0.0723426533047705,0.000000000010273322071635,22060
"1-year all-cause mortality","available_case_mix",2019,0.0745906451679438,0.0688701200077777,0.0807451267922977,0.000000000010273322071635,22060
"1-year all-cause mortality","available_case_mix",2020,0.0855613382886032,0.0800010350714481,0.0914696756650719,0.000000000010273322071635,22060
"1-year all-cause mortality","available_case_mix",2021,0.0946461267210412,0.0879428906425505,0.101803270298453,0.000000000010273322071635,22060
"1-year all-cause mortality","available_case_mix",2022,0.0961442324424025,0.0892728488123733,0.103484413112057,0.000000000010273322071635,22060
"1-year all-cause mortality","available_case_mix",2023,0.0869726104244647,0.0814952035421986,0.0927809741330161,0.000000000010273322071635,22060
"1-year all-cause mortality","available_case_mix",2024,0.0732507423843611,0.0656141189376181,0.0816984558228129,0.000000000010273322071635,22060
"30-day all-cause mortality","unadjusted",2015,0.0275105496867475,0.0221855610440411,0.0340691126601387,0.00000198751118279419,25677
"30-day all-cause mortality","unadjusted",2016,0.0314530703277997,0.0273573743203032,0.036139153775944,0.00000198751118279419,25677
"30-day all-cause mortality","unadjusted",2017,0.0357270048288009,0.0321849774459856,0.0396428730943069,0.00000198751118279419,25677
"30-day all-cause mortality","unadjusted",2018,0.0400809387942473,0.0358875529601352,0.044741574135341,0.00000198751118279419,25677
"30-day all-cause mortality","unadjusted",2019,0.044154628374078,0.0393924433344044,0.0494628741621843,0.00000198751118279419,25677
"30-day all-cause mortality","unadjusted",2020,0.0474856424941874,0.0430696647549312,0.0523296351029839,0.00000198751118279419,25677
"30-day all-cause mortality","unadjusted",2021,0.0495263300603703,0.0452548405107706,0.0541781160344756,0.00000198751118279419,25677
"30-day all-cause mortality","unadjusted",2022,0.0497551589086522,0.0449127446958234,0.0550895589834181,0.00000198751118279419,25677
"30-day all-cause mortality","unadjusted",2023,0.0478114127945852,0.0431998456944056,0.0528880515094555,0.00000198751118279419,25677
"30-day all-cause mortality","unadjusted",2024,0.0438655333337241,0.0400799459644728,0.0479907972052536,0.00000198751118279419,25677
"30-day all-cause mortality","unadjusted",2025,0.0391996561486805,0.0338155213974357,0.045400774467332,0.00000198751118279419,25677
"30-day all-cause mortality","age_sex_adjusted",2015,0.0290158960066873,0.0233415951372125,0.0360187373359589,0.000143698340018712,25566
"30-day all-cause mortality","age_sex_adjusted",2016,0.0327958889047148,0.0284940392915513,0.0377219868283266,0.000143698340018712,25566
"30-day all-cause mortality","age_sex_adjusted",2017,0.0367982795410641,0.0331682906794244,0.0408087716371287,0.000143698340018712,25566
"30-day all-cause mortality","age_sex_adjusted",2018,0.0407280473867669,0.0365240383783708,0.0453931503816507,0.000143698340018712,25566
"30-day all-cause mortality","age_sex_adjusted",2019,0.0441903521632337,0.0394887938467262,0.0494228778497546,0.000143698340018712,25566
"30-day all-cause mortality","age_sex_adjusted",2020,0.04674442922142,0.0424494830473198,0.0514505795090424,0.000143698340018712,25566
"30-day all-cause mortality","age_sex_adjusted",2021,0.0480455821664857,0.0439495165960705,0.0525024341093956,0.000143698340018712,25566
"30-day all-cause mortality","age_sex_adjusted",2022,0.0478446848247576,0.0432459012650471,0.0529054624144391,0.000143698340018712,25566
"30-day all-cause mortality","age_sex_adjusted",2023,0.0460162379049203,0.0416328168248379,0.0508366976658415,0.000143698340018712,25566
"30-day all-cause mortality","age_sex_adjusted",2024,0.0427568239020309,0.0391201114631958,0.0467151786629157,0.000143698340018712,25566
"30-day all-cause mortality","age_sex_adjusted",2025,0.0389589934255825,0.0336827308051076,0.045023252065147,0.000143698340018712,25566
"30-day all-cause mortality","available_case_mix",2015,0.0319007829621466,0.0257398470179153,0.0394766117248011,0.0000505650340424052,25566
"30-day all-cause mortality","available_case_mix",2016,0.0337005079760293,0.0293439056946637,0.0386781482376739,0.0000505650340424052,25566
"30-day all-cause mortality","available_case_mix",2017,0.0357276904460396,0.0322522126330721,0.0395623730155564,0.0000505650340424052,25566
"30-day all-cause mortality","available_case_mix",2018,0.0381512743331433,0.0342446824107263,0.0424839208232656,0.0000505650340424052,25566
"30-day all-cause mortality","available_case_mix",2019,0.0411817719567394,0.0368307656409528,0.0460222245535081,0.0000505650340424052,25566
"30-day all-cause mortality","available_case_mix",2020,0.0448666660458273,0.0407951067447233,0.0493236919547706,0.0000505650340424052,25566
"30-day all-cause mortality","available_case_mix",2021,0.0482976764338868,0.0442687232107751,0.0526731010515395,0.0000505650340424052,25566
"30-day all-cause mortality","available_case_mix",2022,0.0500733043124975,0.0453793340222895,0.0552247235652554,0.0000505650340424052,25566
"30-day all-cause mortality","available_case_mix",2023,0.0487425366139919,0.0442011949777917,0.0537242407129544,0.0000505650340424052,25566
"30-day all-cause mortality","available_case_mix",2024,0.0438906483497846,0.0402201548278858,0.0478794010866533,0.0000505650340424052,25566
"30-day all-cause mortality","available_case_mix",2025,0.0377194809488782,0.0326797227058922,0.0435015017221767,0.0000505650340424052,25566
"5-year all-cause mortality","unadjusted",2015,0.183217715501493,0.166197597517018,0.201559497949694,0.0045350580809406,11843
"5-year all-cause mortality","unadjusted",2016,0.180896348686392,0.170501708243536,0.191778186371693,0.0045350580809406,11843
"5-year all-cause mortality","unadjusted",2017,0.186397910163992,0.174121586205888,0.199330866034406,0.0045350580809406,11843
"5-year all-cause mortality","unadjusted",2018,0.203407238765054,0.191889942435627,0.215431522949518,0.0045350580809406,11843
"5-year all-cause mortality","unadjusted",2019,0.214714930405806,0.201259515930526,0.228812222499576,0.0045350580809406,11843
"5-year all-cause mortality","unadjusted",2020,0.204542944516028,0.185961175705566,0.224469463499507,0.0045350580809406,11843
"5-year all-cause mortality","age_sex_adjusted",2015,0.187349352992183,0.170767543034761,0.205142957847705,0.221372074258287,11739
"5-year all-cause mortality","age_sex_adjusted",2016,0.187398659995897,0.17733288833618,0.197898342033704,0.221372074258287,11739
"5-year all-cause mortality","age_sex_adjusted",2017,0.190570470505907,0.178851606382938,0.202867487091342,0.221372074258287,11739
"5-year all-cause mortality","age_sex_adjusted",2018,0.198282721768783,0.187667886813475,0.20934322550689,0.221372074258287,11739
"5-year all-cause mortality","age_sex_adjusted",2019,0.204336240023141,0.192160603061486,0.217076043810933,0.221372074258287,11739
"5-year all-cause mortality","age_sex_adjusted",2020,0.20325874900607,0.185890830576539,0.221807254618398,0.221372074258287,11739
"5-year all-cause mortality","available_case_mix",2015,0.193822109073168,0.176730046655523,0.212141240454429,0.427896738360763,11739
"5-year all-cause mortality","available_case_mix",2016,0.188875585205295,0.178778055265191,0.19940495043644,0.427896738360763,11739
"5-year all-cause mortality","available_case_mix",2017,0.189383480032344,0.177753368526121,0.201587973289091,0.427896738360763,11739
"5-year all-cause mortality","available_case_mix",2018,0.197740132106666,0.187184004971612,0.208738685373771,0.427896738360763,11739
"5-year all-cause mortality","available_case_mix",2019,0.203769953065427,0.191647525095202,0.216453845883361,0.427896738360763,11739
"5-year all-cause mortality","available_case_mix",2020,0.198455907907196,0.181339000651983,0.216760715003504,0.427896738360763,11739
