"index_year","n","median_age","female_percent","primary_pci_percent","left_main_percent","graft_pci_percent","des_percent"
2015,1606,60,26.1528326745718,25.5292652552927,1.80572851805729,7.03611457036115,47.5716064757161
2016,2101,60,26.5967588179218,37.8391242265588,1.80866254164683,7.47263207996192,64.1599238457877
2017,2246,60,24.2424242424242,39.9376669634906,1.69189670525378,7.39091718610864,64.826357969724
2018,1683,60,24.8960190136661,38.1461675579323,2.13903743315508,8.61556743909685,72.311348781937
2019,2575,61,24.7470817120623,35.3009708737864,1.98058252427184,8.27184466019417,76
2020,1632,60,22.671568627451,43.3823529411765,2.08333333333333,7.9656862745098,78.0024509803922
2021,2056,61,24.3677042801556,34.1439688715953,2.38326848249027,8.90077821011673,80.3501945525292
2022,2488,62,24.5980707395498,32.8376205787781,4.18006430868167,8.64147909967846,86.4951768488746
2023,2806,62,25.7662152530292,31.111903064861,3.20741268709907,7.55523877405559,88.4533143264433
2024,2978,62,26.0913364674278,31.2961719274681,3.08932169241101,7.18603089321692,92.175957018133
