"outcome","model","start_year","end_year","start_risk","end_risk","risk_difference","rd_lower","rd_upper","p_year","model_n","formula"
"1-year all-cause mortality","unadjusted",2015,2024,0.0539918650517561,0.0738995463202821,0.019907681268526,0.00717349604140082,0.0326418664956512,0.00000000000000214864563394855,22171,"event ~ splines::ns(index_year, df = 3)"
"1-year all-cause mortality","age_sex_adjusted",2015,2024,0.0569654531562283,0.0714182975390524,0.014452844382824,0.00167215784518359,0.0272335309204645,0.0000000000104394767460783,22060,"event ~ splines::ns(index_year, df = 3) + splines::ns(age, df = 3) +      sex"
"1-year all-cause mortality","available_case_mix",2015,2024,0.061391404691657,0.0732507423843611,0.0118593376927041,-0.00145801792988593,0.0251766933152941,0.000000000010273322071635,22060,"event ~ splines::ns(index_year, df = 3) + splines::ns(age, df = 3) +      sex + clinical_presentation + left_main + graft_pci"
"30-day all-cause mortality","unadjusted",2015,2025,0.0275105496867475,0.0391996561486805,0.011689106461933,0.00310016161263864,0.0202780513112273,0.00000198751118279419,25677,"event ~ splines::ns(index_year, df = 3)"
"30-day all-cause mortality","age_sex_adjusted",2015,2025,0.0290158960066873,0.0389589934255825,0.0099430974188952,0.00114364450930373,0.0187425503284867,0.000143698340018712,25566,"event ~ splines::ns(index_year, df = 3) + splines::ns(age, df = 3) +      sex"
"30-day all-cause mortality","available_case_mix",2015,2025,0.0319007829621466,0.0377194809488782,0.00581869798673157,-0.00322563181151789,0.014863027784981,0.0000505650340424052,25566,"event ~ splines::ns(index_year, df = 3) + splines::ns(age, df = 3) +      sex + clinical_presentation + left_main + graft_pci"
"5-year all-cause mortality","unadjusted",2015,2020,0.183217715501493,0.204542944516028,0.0213252290145353,-0.00531114426479603,0.0479616022938666,0.0045350580809406,11843,"event ~ splines::ns(index_year, df = 3)"
"5-year all-cause mortality","age_sex_adjusted",2015,2020,0.187349352992183,0.20325874900607,0.0159093960138872,-0.00944037347893543,0.0412591655067099,0.221372074258287,11739,"event ~ splines::ns(index_year, df = 3) + splines::ns(age, df = 3) +      sex"
"5-year all-cause mortality","available_case_mix",2015,2020,0.193822109073168,0.198455907907196,0.00463379883402815,-0.0210826848208945,0.0303502824889508,0.427896738360763,11739,"event ~ splines::ns(index_year, df = 3) + splines::ns(age, df = 3) +      sex + clinical_presentation + left_main + graft_pci"
