"outcome","model","term","estimate","std_error","statistic","p_value"
"1-year all-cause mortality","unadjusted","(Intercept)",-2.8634177802998,0.0886217069800212,-32.3105690228391,0.000000000000000000000000000000000000000000000000000000000000000000000000000000000000000000000000000000000000000000000000000000000000000000000000000000000000000000000000000000000000000000000000000000000000000000000000000000000000496994943443527
"1-year all-cause mortality","unadjusted","splines::ns(index_year, df = 3)1",0.843058694086679,0.105983462315431,7.95462495438713,0.00000000000000179674952836161
"1-year all-cause mortality","unadjusted","splines::ns(index_year, df = 3)2",0.626062848624438,0.218241902937717,2.86866472568793,0.00412208490744958
"1-year all-cause mortality","unadjusted","splines::ns(index_year, df = 3)3",0.21941809615817,0.0746425487351226,2.93958472582172,0.00328652402427712
"1-year all-cause mortality","age_sex_adjusted","(Intercept)",-4.75377140102132,0.534662128755557,-8.8911691054047,0.000000000000000000604692682218663
"1-year all-cause mortality","age_sex_adjusted","splines::ns(index_year, df = 3)1",0.782760712431285,0.109958873272018,7.11866799957906,0.00000000000108975051226487
"1-year all-cause mortality","age_sex_adjusted","splines::ns(index_year, df = 3)2",0.531245363080908,0.22787922184916,2.33125845687044,0.0197397353712633
"1-year all-cause mortality","age_sex_adjusted","splines::ns(index_year, df = 3)3",0.151434530692767,0.0768799026123073,1.96975445528887,0.0488665186521474
"1-year all-cause mortality","age_sex_adjusted","splines::ns(age, df = 3)1",2.22454067492294,0.268198902065942,8.29436905888597,0.000000000000000109163048836632
"1-year all-cause mortality","age_sex_adjusted","splines::ns(age, df = 3)2",4.48387790704296,1.10413982277065,4.06096928538583,0.0000488694010650359
"1-year all-cause mortality","age_sex_adjusted","splines::ns(age, df = 3)3",4.68672155570321,0.3587181999517,13.0651903258164,0.00000000000000000000000000000000000000520542755289837
"1-year all-cause mortality","age_sex_adjusted","sexFemale",0.127286194687484,0.0566935673887979,2.24516114525957,0.0247577894452641
"1-year all-cause mortality","available_case_mix","(Intercept)",-5.68074392790294,0.53823115626017,-10.5544687664959,0.0000000000000000000000000484371697733386
"1-year all-cause mortality","available_case_mix","splines::ns(index_year, df = 3)1",0.792937291840882,0.111510158113795,7.11089738597356,0.00000000000115290837503433
"1-year all-cause mortality","available_case_mix","splines::ns(index_year, df = 3)2",0.312901655492901,0.232857414420064,1.34374787365989,0.179029930709635
"1-year all-cause mortality","available_case_mix","splines::ns(index_year, df = 3)3",0.231840493981378,0.0784701093703274,2.95450708354748,0.00313168964067032
"1-year all-cause mortality","available_case_mix","splines::ns(age, df = 3)1",2.67680319269049,0.269818375414804,9.92075943150764,0.0000000000000000000000338173227855792
"1-year all-cause mortality","available_case_mix","splines::ns(age, df = 3)2",4.73021240511428,1.10663341299261,4.27441675768907,0.0000191638284740273
"1-year all-cause mortality","available_case_mix","splines::ns(age, df = 3)3",4.36963492890718,0.362464902783371,12.0553325173078,0.00000000000000000000000000000000181797321215076
"1-year all-cause mortality","available_case_mix","sexFemale",0.158306216343477,0.0580443437826558,2.72733234673557,0.00638486943618506
"1-year all-cause mortality","available_case_mix","clinical_presentationNSTEMI",0.131076431105517,0.278121075499247,0.471292694630299,0.63743173180998
"1-year all-cause mortality","available_case_mix","clinical_presentationOther ACS",0.51608012357452,0.0752483298023877,6.85835984572437,0.000000000006965562240332
"1-year all-cause mortality","available_case_mix","clinical_presentationSTEMI/primary PCI",1.16131655979962,0.0664258106892927,17.4829113525116,0.0000000000000000000000000000000000000000000000000000000000000000000193369180215927
"1-year all-cause mortality","available_case_mix","left_main",1.05247004657457,0.120084092395716,8.76444186384276,0.00000000000000000187704253165395
"1-year all-cause mortality","available_case_mix","graft_pci",0.315027294260071,0.0898026659193533,3.5079949023226,0.000451497701370093
"30-day all-cause mortality","unadjusted","(Intercept)",-3.56528967134691,0.11254725768148,-31.6781567564892,0.000000000000000000000000000000000000000000000000000000000000000000000000000000000000000000000000000000000000000000000000000000000000000000000000000000000000000000000000000000000000000000000000000000000000000000000000000310651010522949
"30-day all-cause mortality","unadjusted","splines::ns(index_year, df = 3)1",0.57614250683644,0.126727632995351,4.54630527864097,0.00000545958324112999
"30-day all-cause mortality","unadjusted","splines::ns(index_year, df = 3)2",0.907223277401716,0.276567914915178,3.2802911273347,0.00103700018854511
"30-day all-cause mortality","unadjusted","splines::ns(index_year, df = 3)3",0.0213361560570527,0.0923993704141463,0.230912353205668,0.817382893592046
"30-day all-cause mortality","age_sex_adjusted","(Intercept)",-5.29028382300646,0.627630028955888,-8.42898455927493,0.0000000000000000348677584908925
"30-day all-cause mortality","age_sex_adjusted","splines::ns(index_year, df = 3)1",0.481767404022338,0.129791167477029,3.71186586412055,0.000205737014178761
"30-day all-cause mortality","age_sex_adjusted","splines::ns(index_year, df = 3)2",0.81555183489678,0.286094420966908,2.85063872318962,0.00436315130566459
"30-day all-cause mortality","age_sex_adjusted","splines::ns(index_year, df = 3)3",-0.0109882012063419,0.0940898604997418,-0.116784116247808,0.907031131012182
"30-day all-cause mortality","age_sex_adjusted","splines::ns(age, df = 3)1",1.69594846282419,0.314204423612347,5.39759575414695,0.0000000675398297731596
"30-day all-cause mortality","age_sex_adjusted","splines::ns(age, df = 3)2",4.38034210919244,1.29183674910448,3.39078611305101,0.000696924676445588
"30-day all-cause mortality","age_sex_adjusted","splines::ns(age, df = 3)3",4.68232467324876,0.407860971482624,11.4801979121168,0.00000000000000000000000000000165900334042583
"30-day all-cause mortality","age_sex_adjusted","sexFemale",0.231458436758926,0.0685103954568851,3.37844257379286,0.000728976560429565
"30-day all-cause mortality","available_case_mix","(Intercept)",-6.88332237143802,0.635955368974662,-10.823593458352,0.00000000000000000000000000266133805254833
"30-day all-cause mortality","available_case_mix","splines::ns(index_year, df = 3)1",0.612115876081813,0.132852655494396,4.60747941999273,0.00000407579529299959
"30-day all-cause mortality","available_case_mix","splines::ns(index_year, df = 3)2",0.502049532594294,0.29432396670676,1.70577183438987,0.0880505690924635
"30-day all-cause mortality","available_case_mix","splines::ns(index_year, df = 3)3",0.0371820613264032,0.0967725674032931,0.384221089964984,0.700814588238108
"30-day all-cause mortality","available_case_mix","splines::ns(age, df = 3)1",2.39687886846897,0.315918637556092,7.58701318482168,0.0000000000000327363787769258
"30-day all-cause mortality","available_case_mix","splines::ns(age, df = 3)2",4.76843842723193,1.29963876973259,3.66904907600831,0.00024345434563764
"30-day all-cause mortality","available_case_mix","splines::ns(age, df = 3)3",4.24702566372677,0.416851428623534,10.1883437889386,0.00000000000000000000000223539958212993
"30-day all-cause mortality","available_case_mix","sexFemale",0.274642938208043,0.070907815183653,3.87323932484326,0.000107398269981042
"30-day all-cause mortality","available_case_mix","clinical_presentationNSTEMI",0.449118647384572,0.397614749445855,1.12953216149677,0.258673410216466
"30-day all-cause mortality","available_case_mix","clinical_presentationOther ACS",0.75999634763229,0.109316060690351,6.95228443865223,0.00000000000359417787829152
"30-day all-cause mortality","available_case_mix","clinical_presentationSTEMI/primary PCI",1.87047535019458,0.0925833506173482,20.2031503258653,0.000000000000000000000000000000000000000000000000000000000000000000000000000000000000000000918467990122897
"30-day all-cause mortality","available_case_mix","left_main",1.48938544757774,0.126584836222371,11.7659072920972,0.0000000000000000000000000000000584940989423824
"30-day all-cause mortality","available_case_mix","graft_pci",0.287734603313413,0.12098174549224,2.37833073198527,0.0173912195086846
"5-year all-cause mortality","unadjusted","(Intercept)",-1.49469742980497,0.0602672248017738,-24.8011657201939,0.000000000000000000000000000000000000000000000000000000000000000000000000000000000000000000000000000000000000000000000000000000000000000870903415085986
"5-year all-cause mortality","unadjusted","splines::ns(index_year, df = 3)1",0.269519725068225,0.0904049482360575,2.9812497028866,0.00287074610961524
"5-year all-cause mortality","unadjusted","splines::ns(index_year, df = 3)2",0.127093514389019,0.154376933951695,0.823267512417279,0.410355884019316
"5-year all-cause mortality","unadjusted","splines::ns(index_year, df = 3)3",0.166703440760032,0.0708685060274396,2.35229229603749,0.0186581067645881
"5-year all-cause mortality","age_sex_adjusted","(Intercept)",-3.85626758771435,0.467824487407455,-8.24297934698681,0.000000000000000167974577293525
"5-year all-cause mortality","age_sex_adjusted","splines::ns(index_year, df = 3)1",0.143790120947986,0.0973208764840613,1.47748485363811,0.139545715424822
"5-year all-cause mortality","age_sex_adjusted","splines::ns(index_year, df = 3)2",0.116755383062403,0.167892433638593,0.695417777514214,0.486793522733525
"5-year all-cause mortality","age_sex_adjusted","splines::ns(index_year, df = 3)3",0.120322192395235,0.0761079375664801,1.58094143978259,0.113891428028181
"5-year all-cause mortality","age_sex_adjusted","splines::ns(age, df = 3)1",2.62150115068705,0.237270435990711,11.0485789758893,0.000000000000000000000000000222712195780502
"5-year all-cause mortality","age_sex_adjusted","splines::ns(age, df = 3)2",5.48781358537733,0.98318115649418,5.58169117576025,0.000000023819104171643
"5-year all-cause mortality","age_sex_adjusted","splines::ns(age, df = 3)3",5.14471953309095,0.33354884350238,15.4241863922225,0.0000000000000000000000000000000000000000000000000000112564787009892
"5-year all-cause mortality","age_sex_adjusted","sexFemale",0.0860934483730185,0.0557466844150832,1.54436894815083,0.12249897809186
"5-year all-cause mortality","available_case_mix","(Intercept)",-4.09871032014373,0.469367701317889,-8.73240810698178,0.00000000000000000249306786264425
"5-year all-cause mortality","available_case_mix","splines::ns(index_year, df = 3)1",0.129207344356404,0.0978494506378412,1.32047082036898,0.186677872110365
"5-year all-cause mortality","available_case_mix","splines::ns(index_year, df = 3)2",-0.018927260056504,0.170721471520492,-0.110866312760385,0.911722359401515
"5-year all-cause mortality","available_case_mix","splines::ns(index_year, df = 3)3",0.0880688367704337,0.0767952749138432,1.14680020182542,0.251464205789178
"5-year all-cause mortality","available_case_mix","splines::ns(age, df = 3)1",2.6750606230247,0.239027261207415,11.1914457351516,0.0000000000000000000000000000449051368937585
"5-year all-cause mortality","available_case_mix","splines::ns(age, df = 3)2",5.51583256492617,0.982756441988326,5.61261400003287,0.00000001992928286946
"5-year all-cause mortality","available_case_mix","splines::ns(age, df = 3)3",5.05497307726362,0.334256900783144,15.1230178507014,0.00000000000000000000000000000000000000000000000000114187352107119
"5-year all-cause mortality","available_case_mix","sexFemale",0.117439993388968,0.0562168184742347,2.08905442492788,0.03670282425612
"5-year all-cause mortality","available_case_mix","clinical_presentationNSTEMI",-0.130302321102025,0.186854826211596,-0.697345226472604,0.485586770900128
"5-year all-cause mortality","available_case_mix","clinical_presentationOther ACS",0.192609699210196,0.0673981859237762,2.85778758834886,0.00426605858548191
"5-year all-cause mortality","available_case_mix","clinical_presentationSTEMI/primary PCI",0.355254822011276,0.0605311017706093,5.86896341912892,0.0000000043852816898265
"5-year all-cause mortality","available_case_mix","left_main",0.396695451064983,0.162541160505913,2.44058458688408,0.0146635114745139
"5-year all-cause mortality","available_case_mix","graft_pci",0.513806120874268,0.0831883067262907,6.17642239749887,0.000000000655704156527852
