"calendar_year","person_years","deaths","crude_rate_per_100py","adjusted_rate_ratio_vs_2019","rr_lower","rr_upper","p_calendar_year"
2016,744.147843942505,13,1.7469646799117,0.545192044122449,0.31142402865558,0.954436195105362,0.000000977290552295458
2017,2478.60095824778,55,2.21899373584047,0.665608138247267,0.494835627047812,0.895315877605932,0.000000977290552295458
2018,4373.81245722108,144,3.29232223394167,0.959968455122679,0.777001553874566,1.18602006680078,0.000000977290552295458
2019,6086.34633812457,213,3.49963653342858,1,,,0.000000977290552295458
2020,6565.10061601643,318,4.84379476567651,1.33058914036195,1.11858705251641,1.58277127959442,0.000000977290552295458
2021,6235.00889801506,274,4.39454064110845,1.16476680682508,0.973764685022838,1.39323363760072,0.000000977290552295458
2022,5960.94182067077,247,4.14364050901281,1.06363934070927,0.885415108431646,1.2777381324658,0.000000977290552295458
2023,5724.23271731691,248,4.33245837908987,1.06798051129991,0.889079259079245,1.28288041911768,0.000000977290552295458
2024,5499.32375085558,220,4.00049187803814,0.950366217400225,0.786887884386949,1.14780766751705,0.000000977290552295458
2025,5240.06023271732,260,4.96177502648997,1.1341149863352,0.945720557349345,1.36003895890249,0.000000977290552295458
