"outcome","analysis","start_year","end_year","model_n","patients","events","start_risk","peak_year","peak_risk","end_risk","rd_end_start","rd_end_start_lower","rd_end_start_upper","rd_peak_start","rd_peak_start_lower","rd_peak_start_upper","rd_end_peak","rd_end_peak_lower","rd_end_peak_upper","p_year","aic"
"1-year all-cause mortality","Primary (age/sex adjusted, spline df 3)",2015,2024,22060,22060,1705,0.0569654531562283,2021,0.0951608813921501,0.0714182975390524,0.014452844382824,0.00167215784518359,0.0272335309204645,0.0381954282359218,0.0266539325548772,0.0497369239169663,-0.0237425838530977,-0.0357441097324913,-0.0117410579737041,0.0000000000104394767460783,10960.0109498904
"1-year all-cause mortality","Unadjusted",2015,2024,22171,22171,1719,0.0539918650517561,2022,0.098385005579954,0.0738995463202821,0.019907681268526,0.00717349604140082,0.0326418664956512,0.0443931405281979,0.0337418676162618,0.0550444134401341,-0.0244854592596719,-0.0360445719524231,-0.0129263465669208,0.00000000000000214864563394855,12028.8547308804
"1-year all-cause mortality","Age/sex + text-derived presentation, left main, graft PCI",2015,2024,22060,22060,1705,0.061391404691657,2022,0.0961442324424025,0.0732507423843611,0.0118593376927041,-0.00145801792988593,0.0251766933152941,0.0347528277507455,0.0235489695744922,0.0459566859269988,-0.0228934900580414,-0.0338130597659955,-0.0119739203500874,0.000000000010273322071635,10584.183790428
"1-year all-cause mortality","Spline df 2",2015,2024,22060,22060,1705,0.049767771148873,2021,0.0891991893250031,0.0774293032835988,0.0276615321347257,0.0183951114451028,0.0369279528243487,0.03943141817613,0.0287187392095541,0.0501440971427059,-0.0117698860414043,-0.0208440832323024,-0.00269568885050619,0.000000000111322207593103,10966.3207009576
"1-year all-cause mortality","Spline df 4",2015,2024,22060,22060,1705,0.0653093553742484,2020,0.0988210724641084,0.0759844951001911,0.0106751397259427,-0.00340068450246488,0.0247509639543503,0.03351171708986,0.0200659402048201,0.0469574939748999,-0.0228365773639173,-0.0349103652946583,-0.0107627894331762,0.0000000000000935505931635725,10949.072958871
"1-year all-cause mortality","Spline df 5",2015,2024,22060,22060,1705,0.0659794261042811,2021,0.0977923446968602,0.0757198685792651,0.00974044247498407,-0.00505429124828836,0.0245351761982565,0.0318129185925791,0.0161508590966649,0.0474749780884934,-0.0220724761175951,-0.0351280251738493,-0.00901692706134083,0.00000000000044585067172085,10951.2292685
"1-year all-cause mortality","Year as categorical",2015,2024,22060,22060,1705,0.071047532041076,2020,0.102971274496798,0.0756138123406132,0.00456628029953725,-0.0112326009806342,0.0203651615797087,0.0319237424557222,0.012568715185742,0.0512787697257025,-0.027357462156185,-0.0443986370668588,-0.0103162872455112,0.00000000000177782956381788,10951.4170000341
"1-year all-cause mortality","Index years 2016–2024",2016,2024,20542,20542,1604,0.0463458625035143,2021,0.0947742042941157,0.0740339518095878,0.0276880893060735,0.0160964608216237,0.0392797177905233,0.0484283417906015,0.0378306965074682,0.0590259870737348,-0.020740252484528,-0.0329473854401761,-0.00853311952887991,0.00000000000000621549907725624,10263.6192078426
"1-year all-cause mortality","Adjusted for report source (PDF vs PARS)",2015,2024,22060,22060,1705,0.0570431674437735,2022,0.0962515613834988,0.0750452721713596,0.018002104727586,-0.00368152782089699,0.0396857372760691,0.0392083939397253,0.0264175542700791,0.0519992336093715,-0.0212062892121392,-0.0365722521864165,-0.00584032623786201,0.0000000000140519124499347,10961.8424125509
"1-year all-cause mortality","Fixed 2-year lookback episodes, 2017–2024",2017,2024,19782,18925,1629,0.0608300493200553,2021,0.0964966179541533,0.0729966339251699,0.0121665846051145,-0.000405074624171033,0.0247382438344001,0.0356665686340979,0.023555589784046,0.0477775474841499,-0.0234999840289834,-0.0352792314287159,-0.0117207366292509,0.000000317043477578897,10350.0440307192
"30-day all-cause mortality","Primary (age/sex adjusted, spline df 3)",2015,2025,25566,25566,1068,0.0290158960066873,2021,0.0480455821664857,0.0389589934255825,0.0099430974188952,0.00114364450930373,0.0187425503284867,0.0190296861597985,0.0108153344724978,0.0272440378470991,-0.00908658874090326,-0.0169732985773444,-0.0011998789044621,0.000143698340018712,8267.64723955192
"30-day all-cause mortality","Unadjusted",2015,2025,25677,25677,1077,0.0275105496867475,2022,0.0497551589086522,0.0391996561486805,0.011689106461933,0.00310016161263864,0.0202780513112273,0.0222446092219047,0.0147117622897032,0.0297774561541061,-0.0105555027599717,-0.0191120621049927,-0.00199894341495072,0.00000198751118279419,8918.16495728324
"30-day all-cause mortality","Age/sex + text-derived presentation, left main, graft PCI",2015,2025,25566,25566,1068,0.0319007829621466,2022,0.0500733043124975,0.0377194809488782,0.00581869798673157,-0.00322563181151789,0.014863027784981,0.0181725213503509,0.0100227206688238,0.026322322031878,-0.0123538233636193,-0.0204683839326528,-0.00423926279458576,0.0000505650340424052,7657.79261400077
"30-day all-cause mortality","Spline df 2",2015,2025,25566,25566,1068,0.0286254946270856,2021,0.0483343327231031,0.0393085366281083,0.0106830420010227,0.00417378318084608,0.0171923008211993,0.0197088380960175,0.0117702512405556,0.0276474249514794,-0.00902579609499483,-0.0161414234270048,-0.00191016876298482,0.0000303868343302374,8265.19316256762
"30-day all-cause mortality","Spline df 4",2015,2025,25566,25566,1068,0.0330074769649116,2021,0.0538328718209403,0.0413548347952238,0.00834735783031225,-0.00131966659837738,0.0180143822590019,0.0208253948560287,0.0116247154787111,0.0300260742333464,-0.0124780370257165,-0.0211801590317912,-0.00377591501964181,0.0000192281280128368,8262.9246702236
"30-day all-cause mortality","Spline df 5",2015,2025,25566,25566,1068,0.037424075936323,2020,0.0553489178640043,0.040483597354013,0.00305952141768995,-0.00786799345791026,0.0139870362932902,0.0179248419276812,0.00737232646883054,0.028477357386532,-0.0148653205099913,-0.0245283818378563,-0.00520225918212635,0.00000215363103530289,8257.77727182166
"30-day all-cause mortality","Year as categorical",2015,2025,25566,25566,1068,0.0436854963088708,2020,0.0583645206935329,0.0406514904645171,-0.00303400584435374,-0.0152529618159378,0.00918495012723036,0.0146790243846621,-0.000660697640500687,0.0300187464098248,-0.0177130302290158,-0.0306808047444661,-0.00474525571356551,0.000000542953128418977,8253.67815078876
"30-day all-cause mortality","Index years 2016–2025",2016,2025,24048,24048,1006,0.0220217971284467,2020,0.0517921269944517,0.0405282595785615,0.0185064624501147,0.0104728533197376,0.0265400715804918,0.029770329866005,0.0213411455498478,0.0381995141821622,-0.0112638674158902,-0.0191783842160352,-0.00334935061574527,0.00000000139883175124453,7753.23486131591
"30-day all-cause mortality","Adjusted for report source (PDF vs PARS)",2015,2025,25566,25566,1068,0.0298991815257024,2023,0.0536313110502978,0.0495181142515791,0.0196189327258767,0.00324972276698131,0.035988142684772,0.0237321295245954,0.0123289998452286,0.0351352592039622,-0.00411319679871874,-0.013925075217376,0.00569868161993857,0.0000398712036088351,8266.96622492282
"30-day all-cause mortality","Fixed 2-year lookback episodes, 2017–2025",2017,2025,23729,22496,1017,0.0318716392766481,2020,0.0515684795413276,0.0394189685409919,0.00754732926434379,-0.00119541555511792,0.0162900740838055,0.0196968402646796,0.00999779269323424,0.0293958878361249,-0.0121495110003358,-0.0199477357502517,-0.00435128625041988,0.000617967990158543,7850.28069356355
