"outcome","analysis","index_year","risk","lower","upper"
"1-year all-cause mortality","Primary (age/sex adjusted, spline df 3)",2015,0.0569654531562283,0.048304175099931,0.0670703103249284
"1-year all-cause mortality","Primary (age/sex adjusted, spline df 3)",2016,0.0597281404684902,0.0540495010148816,0.0659617960308579
"1-year all-cause mortality","Primary (age/sex adjusted, spline df 3)",2017,0.063503508099165,0.0583783912189428,0.0690455733591197
"1-year all-cause mortality","Primary (age/sex adjusted, spline df 3)",2018,0.0694116830658728,0.063334533843539,0.0760246248317818
"1-year all-cause mortality","Primary (age/sex adjusted, spline df 3)",2019,0.0782893975987714,0.0722862605563677,0.0847455343912432
"1-year all-cause mortality","Primary (age/sex adjusted, spline df 3)",2020,0.088147426073598,0.0823689717153789,0.0942896041369175
"1-year all-cause mortality","Primary (age/sex adjusted, spline df 3)",2021,0.0951608813921501,0.0883126575033348,0.102480458622425
"1-year all-cause mortality","Primary (age/sex adjusted, spline df 3)",2022,0.0947475058278776,0.0878646726770358,0.10210914540229
"1-year all-cause mortality","Primary (age/sex adjusted, spline df 3)",2023,0.0849409650646036,0.0795217066866618,0.0906931482271339
"1-year all-cause mortality","Primary (age/sex adjusted, spline df 3)",2024,0.0714182975390524,0.0638654954626389,0.0797881730882697
"1-year all-cause mortality","Unadjusted",2015,0.0539918650517561,0.0457771083714869,0.0635825430124675
"1-year all-cause mortality","Unadjusted",2016,0.0571015219970853,0.0516498663192251,0.0630903203711994
"1-year all-cause mortality","Unadjusted",2017,0.0613289445114482,0.0562801138836818,0.0667986414091852
"1-year all-cause mortality","Unadjusted",2018,0.0679224691263307,0.061821499200061,0.074577663672101
"1-year all-cause mortality","Unadjusted",2019,0.0779224328013498,0.0717808828799725,0.0845415924332816
"1-year all-cause mortality","Unadjusted",2020,0.0893407861703881,0.0833281435483359,0.0957419647769437
"1-year all-cause mortality","Unadjusted",2021,0.0979478136316474,0.0907164215810102,0.105688648852555
"1-year all-cause mortality","Unadjusted",2022,0.098385005579954,0.0910559725115836,0.106235000511259
"1-year all-cause mortality","Unadjusted",2023,0.0882289975685536,0.0824547601163555,0.0943660126196951
"1-year all-cause mortality","Unadjusted",2024,0.0738995463202821,0.0659150964605624,0.0827654738119255
"1-year all-cause mortality","Age/sex + text-derived presentation, left main, graft PCI",2015,0.061391404691657,0.0521541341279506,0.0721402130901929
"1-year all-cause mortality","Age/sex + text-derived presentation, left main, graft PCI",2016,0.060923852398856,0.0551875874459389,0.0672139356071029
"1-year all-cause mortality","Age/sex + text-derived presentation, left main, graft PCI",2017,0.0619327459312215,0.0569599745749462,0.0673086685000289
"1-year all-cause mortality","Age/sex + text-derived presentation, left main, graft PCI",2018,0.0660422057018344,0.0602548338181142,0.0723426533047705
"1-year all-cause mortality","Age/sex + text-derived presentation, left main, graft PCI",2019,0.0745906451679438,0.0688701200077777,0.0807451267922977
"1-year all-cause mortality","Age/sex + text-derived presentation, left main, graft PCI",2020,0.0855613382886032,0.0800010350714481,0.0914696756650719
"1-year all-cause mortality","Age/sex + text-derived presentation, left main, graft PCI",2021,0.0946461267210412,0.0879428906425505,0.101803270298453
"1-year all-cause mortality","Age/sex + text-derived presentation, left main, graft PCI",2022,0.0961442324424025,0.0892728488123733,0.103484413112057
"1-year all-cause mortality","Age/sex + text-derived presentation, left main, graft PCI",2023,0.0869726104244647,0.0814952035421986,0.0927809741330161
"1-year all-cause mortality","Age/sex + text-derived presentation, left main, graft PCI",2024,0.0732507423843611,0.0656141189376181,0.0816984558228129
"1-year all-cause mortality","Spline df 2",2015,0.049767771148873,0.0429789942466348,0.0575643741092545
"1-year all-cause mortality","Spline df 2",2016,0.0582884300089884,0.0526230034981186,0.0645222590537157
"1-year all-cause mortality","Spline df 2",2017,0.0674319068700039,0.0627456864274364,0.0724410707302793
"1-year all-cause mortality","Spline df 2",2018,0.0763235705220814,0.0716374450547542,0.0812893950721957
"1-year all-cause mortality","Spline df 2",2019,0.0837682793465691,0.0782709941164371,0.0896141231166169
"1-year all-cause mortality","Spline df 2",2020,0.0883878326725075,0.0824387948167323,0.0947218537839652
"1-year all-cause mortality","Spline df 2",2021,0.0891991893250031,0.0837977512002073,0.0949127257304901
"1-year all-cause mortality","Spline df 2",2022,0.0868385613927285,0.0822182321583035,0.0916925941275104
"1-year all-cause mortality","Spline df 2",2023,0.0825146494544081,0.0773762396342476,0.0879617587317526
"1-year all-cause mortality","Spline df 2",2024,0.0774293032835988,0.070444812281438,0.0850429400566869
"1-year all-cause mortality","Spline df 4",2015,0.0653093553742484,0.054925644289845,0.0774951428231757
"1-year all-cause mortality","Spline df 4",2016,0.0565971224089449,0.0510655626787476,0.062688291850539
"1-year all-cause mortality","Spline df 4",2017,0.0552056273989672,0.0490927878818544,0.0620299620638333
"1-year all-cause mortality","Spline df 4",2018,0.065246282842592,0.0591599911307693,0.071910864996064
"1-year all-cause mortality","Spline df 4",2019,0.0833273911700895,0.0768073335620888,0.0903467613330727
"1-year all-cause mortality","Spline df 4",2020,0.0988210724641084,0.090274667101792,0.108080450387242
"1-year all-cause mortality","Spline df 4",2021,0.0986875439865177,0.0915818926437361,0.106280007621476
"1-year all-cause mortality","Spline df 4",2022,0.0885337755225159,0.0813804107498414,0.0962500415068518
"1-year all-cause mortality","Spline df 4",2023,0.0791880448209771,0.0728276474409475,0.0860523716002872
"1-year all-cause mortality","Spline df 4",2024,0.0759844951001911,0.0676192545254144,0.0852899419870486
"1-year all-cause mortality","Spline df 5",2015,0.0659794261042811,0.0552253183191497,0.0786533561697755
"1-year all-cause mortality","Spline df 5",2016,0.0559589376910066,0.0500871327049618,0.0624738327904752
"1-year all-cause mortality","Spline df 5",2017,0.0544820650407793,0.0477632688149855,0.0620843648570404
"1-year all-cause mortality","Spline df 5",2018,0.0659958912527557,0.0598371120667531,0.072739523347239
"1-year all-cause mortality","Spline df 5",2019,0.0846837841370515,0.0763696904455801,0.0938110717450503
"1-year all-cause mortality","Spline df 5",2020,0.097111917805343,0.0891285529840491,0.105727361994486
"1-year all-cause mortality","Spline df 5",2021,0.0977923446968602,0.0882985175066247,0.108185816368303
"1-year all-cause mortality","Spline df 5",2022,0.0889297564547234,0.0818355918056493,0.0965742155033824
"1-year all-cause mortality","Spline df 5",2023,0.079683247836673,0.0720069533861478,0.0881001836846585
"1-year all-cause mortality","Spline df 5",2024,0.0757198685792651,0.06720097529011,0.0852200191390424
"1-year all-cause mortality","Year as categorical",2015,0.071047532041076,0.0591649636272152,0.0851007090421734
"1-year all-cause mortality","Year as categorical",2016,0.0463093255812747,0.0379873236087256,0.0563476691405942
"1-year all-cause mortality","Year as categorical",2017,0.0617591600615337,0.052509052224216,0.0725140752926746
"1-year all-cause mortality","Year as categorical",2018,0.0652982893309283,0.054640329066071,0.0778639280216384
"1-year all-cause mortality","Year as categorical",2019,0.0816677749869706,0.0720218478298942,0.0924768450556458
"1-year all-cause mortality","Year as categorical",2020,0.102971274496798,0.0894282938854857,0.118298745650927
"1-year all-cause mortality","Year as categorical",2021,0.0952463862946686,0.0837382548959597,0.108149401087286
"1-year all-cause mortality","Year as categorical",2022,0.089139939501733,0.0790367108218855,0.100393874543112
"1-year all-cause mortality","Year as categorical",2023,0.0799891025248985,0.0709149797548508,0.0901117145959642
"1-year all-cause mortality","Year as categorical",2024,0.0756138123406132,0.0670074737385802,0.0852245642264574
"1-year all-cause mortality","Index years 2016–2024",2016,0.0463458625035143,0.0393218256087098,0.054553349632965
"1-year all-cause mortality","Index years 2016–2024",2017,0.058855736150978,0.0534735513655741,0.0647425910312822
"1-year all-cause mortality","Index years 2016–2024",2018,0.072552644179567,0.0667007713281038,0.0788745321113247
"1-year all-cause mortality","Index years 2016–2024",2019,0.0848661441612729,0.0776978781831373,0.0926293221108506
"1-year all-cause mortality","Index years 2016–2024",2020,0.0926866704825005,0.0862306070016546,0.0995734256418626
"1-year all-cause mortality","Index years 2016–2024",2021,0.0947742042941157,0.0880024811088798,0.102008722664171
"1-year all-cause mortality","Index years 2016–2024",2022,0.0912570789456735,0.0840761409236787,0.0989850577932891
"1-year all-cause mortality","Index years 2016–2024",2023,0.0834123159684926,0.0779134531618692,0.0892617007931731
"1-year all-cause mortality","Index years 2016–2024",2024,0.0740339518095878,0.0661677136015264,0.0827524840709655
"1-year all-cause mortality","Adjusted for report source (PDF vs PARS)",2015,0.0570431674437735,0.0483680520540796,0.0671644044237377
"1-year all-cause mortality","Adjusted for report source (PDF vs PARS)",2016,0.059732186201469,0.0540544694360756,0.06596468568979
"1-year all-cause mortality","Adjusted for report source (PDF vs PARS)",2017,0.0634406759795805,0.0583112057345368,0.0689883142484972
"1-year all-cause mortality","Adjusted for report source (PDF vs PARS)",2018,0.0693018593516349,0.0632114193801086,0.0759315506645953
"1-year all-cause mortality","Adjusted for report source (PDF vs PARS)",2019,0.0781860432221379,0.0721699482296734,0.0846578820520877
"1-year all-cause mortality","Adjusted for report source (PDF vs PARS)",2020,0.0882221046080432,0.082433658724409,0.0943752058418189
"1-year all-cause mortality","Adjusted for report source (PDF vs PARS)",2021,0.0957430381127813,0.088384661773822,0.103644378675875
"1-year all-cause mortality","Adjusted for report source (PDF vs PARS)",2022,0.0962515613834988,0.0865339400995457,0.106932708529168
"1-year all-cause mortality","Adjusted for report source (PDF vs PARS)",2023,0.0875989105568549,0.0745166195065563,0.102723029816457
"1-year all-cause mortality","Adjusted for report source (PDF vs PARS)",2024,0.0750452721713596,0.0576884782175168,0.0970861853293161
"1-year all-cause mortality","Fixed 2-year lookback episodes, 2017–2024",2017,0.0608300493200553,0.0521938983321924,0.0707884380759926
"1-year all-cause mortality","Fixed 2-year lookback episodes, 2017–2024",2018,0.0731449604119925,0.0671572178017447,0.0796210033636779
"1-year all-cause mortality","Fixed 2-year lookback episodes, 2017–2024",2019,0.0850844878670699,0.0776849056183988,0.0931177302104822
"1-year all-cause mortality","Fixed 2-year lookback episodes, 2017–2024",2020,0.0935257344968483,0.086493165960707,0.101066843648194
"1-year all-cause mortality","Fixed 2-year lookback episodes, 2017–2024",2021,0.0964966179541533,0.0898901364044728,0.103533408209725
"1-year all-cause mortality","Fixed 2-year lookback episodes, 2017–2024",2022,0.0930857003484904,0.0859844521939646,0.100708803973236
"1-year all-cause mortality","Fixed 2-year lookback episodes, 2017–2024",2023,0.0840387336069477,0.0786641879376039,0.0897447142472863
"1-year all-cause mortality","Fixed 2-year lookback episodes, 2017–2024",2024,0.0729966339251699,0.0654124807266354,0.0813835484934464
"30-day all-cause mortality","Primary (age/sex adjusted, spline df 3)",2015,0.0290158960066873,0.0233415951372125,0.0360187373359589
"30-day all-cause mortality","Primary (age/sex adjusted, spline df 3)",2016,0.0327958889047148,0.0284940392915513,0.0377219868283266
"30-day all-cause mortality","Primary (age/sex adjusted, spline df 3)",2017,0.0367982795410641,0.0331682906794244,0.0408087716371287
"30-day all-cause mortality","Primary (age/sex adjusted, spline df 3)",2018,0.0407280473867669,0.0365240383783708,0.0453931503816507
"30-day all-cause mortality","Primary (age/sex adjusted, spline df 3)",2019,0.0441903521632337,0.0394887938467262,0.0494228778497546
"30-day all-cause mortality","Primary (age/sex adjusted, spline df 3)",2020,0.04674442922142,0.0424494830473198,0.0514505795090424
"30-day all-cause mortality","Primary (age/sex adjusted, spline df 3)",2021,0.0480455821664857,0.0439495165960705,0.0525024341093956
"30-day all-cause mortality","Primary (age/sex adjusted, spline df 3)",2022,0.0478446848247576,0.0432459012650471,0.0529054624144391
"30-day all-cause mortality","Primary (age/sex adjusted, spline df 3)",2023,0.0460162379049203,0.0416328168248379,0.0508366976658415
"30-day all-cause mortality","Primary (age/sex adjusted, spline df 3)",2024,0.0427568239020309,0.0391201114631958,0.0467151786629157
"30-day all-cause mortality","Primary (age/sex adjusted, spline df 3)",2025,0.0389589934255825,0.0336827308051076,0.045023252065147
"30-day all-cause mortality","Unadjusted",2015,0.0275105496867475,0.0221855610440411,0.0340691126601387
"30-day all-cause mortality","Unadjusted",2016,0.0314530703277997,0.0273573743203032,0.036139153775944
"30-day all-cause mortality","Unadjusted",2017,0.0357270048288009,0.0321849774459856,0.0396428730943069
"30-day all-cause mortality","Unadjusted",2018,0.0400809387942473,0.0358875529601352,0.044741574135341
"30-day all-cause mortality","Unadjusted",2019,0.044154628374078,0.0393924433344044,0.0494628741621843
"30-day all-cause mortality","Unadjusted",2020,0.0474856424941874,0.0430696647549312,0.0523296351029839
"30-day all-cause mortality","Unadjusted",2021,0.0495263300603703,0.0452548405107706,0.0541781160344756
"30-day all-cause mortality","Unadjusted",2022,0.0497551589086522,0.0449127446958234,0.0550895589834181
"30-day all-cause mortality","Unadjusted",2023,0.0478114127945852,0.0431998456944056,0.0528880515094555
"30-day all-cause mortality","Unadjusted",2024,0.0438655333337241,0.0400799459644728,0.0479907972052536
"30-day all-cause mortality","Unadjusted",2025,0.0391996561486805,0.0338155213974357,0.045400774467332
"30-day all-cause mortality","Age/sex + text-derived presentation, left main, graft PCI",2015,0.0319007829621466,0.0257398470179153,0.0394766117248011
"30-day all-cause mortality","Age/sex + text-derived presentation, left main, graft PCI",2016,0.0337005079760293,0.0293439056946637,0.0386781482376739
"30-day all-cause mortality","Age/sex + text-derived presentation, left main, graft PCI",2017,0.0357276904460396,0.0322522126330721,0.0395623730155564
"30-day all-cause mortality","Age/sex + text-derived presentation, left main, graft PCI",2018,0.0381512743331433,0.0342446824107263,0.0424839208232656
"30-day all-cause mortality","Age/sex + text-derived presentation, left main, graft PCI",2019,0.0411817719567394,0.0368307656409528,0.0460222245535081
"30-day all-cause mortality","Age/sex + text-derived presentation, left main, graft PCI",2020,0.0448666660458273,0.0407951067447233,0.0493236919547706
"30-day all-cause mortality","Age/sex + text-derived presentation, left main, graft PCI",2021,0.0482976764338868,0.0442687232107751,0.0526731010515395
"30-day all-cause mortality","Age/sex + text-derived presentation, left main, graft PCI",2022,0.0500733043124975,0.0453793340222895,0.0552247235652554
"30-day all-cause mortality","Age/sex + text-derived presentation, left main, graft PCI",2023,0.0487425366139919,0.0442011949777917,0.0537242407129544
"30-day all-cause mortality","Age/sex + text-derived presentation, left main, graft PCI",2024,0.0438906483497846,0.0402201548278858,0.0478794010866533
"30-day all-cause mortality","Age/sex + text-derived presentation, left main, graft PCI",2025,0.0377194809488782,0.0326797227058922,0.0435015017221767
"30-day all-cause mortality","Spline df 2",2015,0.0286254946270856,0.0237522229222395,0.0344633245587113
"30-day all-cause mortality","Spline df 2",2016,0.032584413092779,0.0284113905989785,0.0373468026254795
"30-day all-cause mortality","Spline df 2",2017,0.036798574269238,0.033304419978601,0.0406439069386438
"30-day all-cause mortality","Spline df 2",2018,0.0409482057496412,0.037690500340023,0.0444744713090012
"30-day all-cause mortality","Spline df 2",2019,0.0445992692105972,0.0409824954938383,0.0485190808221139
"30-day all-cause mortality","Spline df 2",2020,0.0472364086227782,0.043149271463686,0.051689769594147
"30-day all-cause mortality","Spline df 2",2021,0.0483343327231031,0.0442050176895079,0.0528280588269386
"30-day all-cause mortality","Spline df 2",2022,0.0475997881885306,0.0439906357375914,0.0514891007952086
"30-day all-cause mortality","Spline df 2",2023,0.0454471118937568,0.0422999850331797,0.0488164505155082
"30-day all-cause mortality","Spline df 2",2024,0.0424942795782816,0.0389265939610526,0.0463731719255617
"30-day all-cause mortality","Spline df 2",2025,0.0393085366281083,0.0346453364192701,0.0445704162476746
"30-day all-cause mortality","Spline df 4",2015,0.0330074769649116,0.0262290289456744,0.0414631095231917
"30-day all-cause mortality","Spline df 4",2016,0.0327933252018403,0.0285949014104596,0.0375843291378937
"30-day all-cause mortality","Spline df 4",2017,0.0336260191428528,0.0295972727882628,0.0381815768187586
"30-day all-cause mortality","Spline df 4",2018,0.036717237041348,0.0320180060574139,0.0420761867822887
"30-day all-cause mortality","Spline df 4",2019,0.0430921783886211,0.0385918063465589,0.0480911082042255
"30-day all-cause mortality","Spline df 4",2020,0.0504723131175445,0.0452283804498278,0.0562884007168648
"30-day all-cause mortality","Spline df 4",2021,0.0538328718209403,0.0477424496293087,0.0606507538904859
"30-day all-cause mortality","Spline df 4",2022,0.0494950223709106,0.0448462287365666,0.0545981673796176
"30-day all-cause mortality","Spline df 4",2023,0.0427483393404499,0.0379844803595926,0.0480798019676324
"30-day all-cause mortality","Spline df 4",2024,0.0392775589510918,0.0349759195128663,0.0440840829082304
"30-day all-cause mortality","Spline df 4",2025,0.0413548347952238,0.0355161117588041,0.0481055480365623
"30-day all-cause mortality","Spline df 5",2015,0.037424075936323,0.029518744533702,0.0473432325205437
"30-day all-cause mortality","Spline df 5",2016,0.0308196933753314,0.0266970098097621,0.0355557647118531
"30-day all-cause mortality","Spline df 5",2017,0.0293413849921055,0.0248043270672738,0.0346788225225184
"30-day all-cause mortality","Spline df 5",2018,0.0353214343009359,0.0308201835606168,0.0404526479502471
"30-day all-cause mortality","Spline df 5",2019,0.046562624442084,0.0412899778443053,0.0524717262123823
"30-day all-cause mortality","Spline df 5",2020,0.0553489178640043,0.0485735427199291,0.0630067831374173
"30-day all-cause mortality","Spline df 5",2021,0.0525960736196302,0.0469661100074978,0.0588592367784554
"30-day all-cause mortality","Spline df 5",2022,0.0457771930325658,0.0400260435092358,0.0523096688715887
"30-day all-cause mortality","Spline df 5",2023,0.0427156774575687,0.0380540298362895,0.047919932984087
"30-day all-cause mortality","Spline df 5",2024,0.041752316690477,0.03635776083743,0.0479074932154452
"30-day all-cause mortality","Spline df 5",2025,0.040483597354013,0.034609173188362,0.0473062628857867
"30-day all-cause mortality","Year as categorical",2015,0.0436854963088708,0.0343869669819136,0.0553542878860712
"30-day all-cause mortality","Year as categorical",2016,0.0215289013922401,0.0160045819941341,0.0289040445701872
"30-day all-cause mortality","Year as categorical",2017,0.0310630218213662,0.0245626274054509,0.0392145582414435
"30-day all-cause mortality","Year as categorical",2018,0.0417225060153229,0.0332513368548486,0.0522351974481109
"30-day all-cause mortality","Year as categorical",2019,0.0449081585200548,0.0377022595768119,0.0534148481477191
"30-day all-cause mortality","Year as categorical",2020,0.0583645206935329,0.0480637426420292,0.0707089301195577
"30-day all-cause mortality","Year as categorical",2021,0.0457013924388143,0.0376761000895206,0.0553378316375841
"30-day all-cause mortality","Year as categorical",2022,0.0503255299857088,0.0426520509529262,0.0592940314847719
"30-day all-cause mortality","Year as categorical",2023,0.0420449836062557,0.0354143092051286,0.0498529658346321
"30-day all-cause mortality","Year as categorical",2024,0.0412566143369104,0.0348573202882882,0.0487713583760461
"30-day all-cause mortality","Year as categorical",2025,0.0406514904645171,0.0347022026599223,0.0475704512040004
"30-day all-cause mortality","Index years 2016–2025",2016,0.0220217971284467,0.0174558698648696,0.0277483039810332
"30-day all-cause mortality","Index years 2016–2025",2017,0.0305564445056951,0.0266020092822376,0.0350775301714385
"30-day all-cause mortality","Index years 2016–2025",2018,0.0403254154027361,0.0361895479252992,0.0449119189987481
"30-day all-cause mortality","Index years 2016–2025",2019,0.0485021410053227,0.043231273165157,0.0543791214853497
"30-day all-cause mortality","Index years 2016–2025",2020,0.0517921269944517,0.0467785513908614,0.0573107350577009
"30-day all-cause mortality","Index years 2016–2025",2021,0.0505875075494048,0.0462393936925469,0.0553207797401521
"30-day all-cause mortality","Index years 2016–2025",2022,0.0471433198739594,0.0425657271037409,0.0521863624077833
"30-day all-cause mortality","Index years 2016–2025",2023,0.0437228132017826,0.0393800565853573,0.0485202911589826
"30-day all-cause mortality","Index years 2016–2025",2024,0.0416935667365157,0.0380976236842624,0.0456128274722047
"30-day all-cause mortality","Index years 2016–2025",2025,0.0405282595785615,0.0350847614425083,0.0467753898612471
"30-day all-cause mortality","Adjusted for report source (PDF vs PARS)",2015,0.0298991815257024,0.0240295955114626,0.0371479296323841
"30-day all-cause mortality","Adjusted for report source (PDF vs PARS)",2016,0.0329062282123813,0.0286129429309172,0.0378186277586597
"30-day all-cause mortality","Adjusted for report source (PDF vs PARS)",2017,0.0361694559294269,0.0325242115570088,0.0402062729930721
"30-day all-cause mortality","Adjusted for report source (PDF vs PARS)",2018,0.039674359468,0.0353916374870244,0.0444514490248328
"30-day all-cause mortality","Adjusted for report source (PDF vs PARS)",2019,0.0433959466943328,0.0386728081957507,0.0486667233057479
"30-day all-cause mortality","Adjusted for report source (PDF vs PARS)",2020,0.0472193047534385,0.0428631356662123,0.0519941406568864
"30-day all-cause mortality","Adjusted for report source (PDF vs PARS)",2021,0.0506593342700089,0.0455058468492269,0.0563619858917174
"30-day all-cause mortality","Adjusted for report source (PDF vs PARS)",2022,0.0530369733044469,0.045360203610407,0.061928679098173
"30-day all-cause mortality","Adjusted for report source (PDF vs PARS)",2023,0.0536313110502978,0.0436631840920611,0.0657187375776883
"30-day all-cause mortality","Adjusted for report source (PDF vs PARS)",2024,0.0521236449641123,0.0405604432167617,0.0667539924031688
"30-day all-cause mortality","Adjusted for report source (PDF vs PARS)",2025,0.0495181142515791,0.0359464878509889,0.0678530779609559
"30-day all-cause mortality","Fixed 2-year lookback episodes, 2017–2025",2017,0.0318716392766481,0.0260783397773843,0.0389005146805472
"30-day all-cause mortality","Fixed 2-year lookback episodes, 2017–2025",2018,0.039682151215435,0.0352790174696241,0.0446094234300271
"30-day all-cause mortality","Fixed 2-year lookback episodes, 2017–2025",2019,0.0472205540674337,0.0424015294188279,0.052557211421032
"30-day all-cause mortality","Fixed 2-year lookback episodes, 2017–2025",2020,0.0515684795413276,0.0459474314779838,0.057835500453456
"30-day all-cause mortality","Fixed 2-year lookback episodes, 2017–2025",2021,0.0505002595846206,0.0459291010740342,0.0554999038259016
"30-day all-cause mortality","Fixed 2-year lookback episodes, 2017–2025",2022,0.0463207387239813,0.0419851920814725,0.0510801189562692
"30-day all-cause mortality","Fixed 2-year lookback episodes, 2017–2025",2023,0.0422797462833667,0.0378674136778922,0.0471809946456513
"30-day all-cause mortality","Fixed 2-year lookback episodes, 2017–2025",2024,0.0402431467988967,0.0367598715153336,0.0440413973552714
"30-day all-cause mortality","Fixed 2-year lookback episodes, 2017–2025",2025,0.0394189685409919,0.0342081824102911,0.0453861907617021
