"index_year","n","mature_30d","deaths_30d","mature_365d","deaths_365d","mature_1825d","deaths_1825d"
2015,1606,1606,67,1606,110,1606,296
2016,2101,2101,42,2101,90,2101,372
2017,2246,2246,66,2246,131,2246,436
2018,1683,1683,70,1683,109,1683,321
2019,2575,2575,119,2575,216,2575,567
2020,1632,1632,93,1632,164,1632,330
2021,2056,2056,98,2056,202,1308,446
2022,2488,2488,130,2488,231,472,472
2023,2806,2806,122,2806,233,390,390
2024,2978,2978,127,2978,233,320,320
2025,3506,3506,143,2136,257,272,272
2026,1832,1809,72,95,95,95,95
