"key","value"
"analysis_mode","limited-adjustment preliminary"
"selected_model","age_sex_adjusted"
"source_records","42661"
"unique_patients","27567"
"outside_primary_period","5362"
"invalid_death_before_index","53"
"invalid_death_before_index_primary","34"
"primary_n","22171"
"primary_events","1719"
"primary_crude_percent","7.75337152135673"
"primary_model_n","22060"
"primary_start_adjusted_percent","5.69654531562283"
"primary_end_adjusted_percent","7.14182975390524"
"primary_risk_difference_points","1.4452844382824"
"primary_rd_lower_points","0.167215784518359"
"primary_rd_upper_points","2.72335309204645"
"primary_p_year","0.0000000000104394767460783"
"early_n","25677"
"early_events","1077"
"early_crude_percent","4.1944152354247"
"early_start_adjusted_percent","2.90158960066873"
"early_end_adjusted_percent","3.89589934255825"
"early_p_year","0.000143698340018712"
"long_n","11843"
"long_events","2322"
"long_crude_percent","19.6065186185933"
"long_start_adjusted_percent","18.7349352992183"
"long_end_adjusted_percent","20.325874900607"
"long_p_year","0.221372074258287"
"median_age","61"
"female_percent","25.0849454084175"
"study_start_date","2015-01-01"
"study_end_date","2024-12-30"
